country,code
Japan,JP
Indonesia,ID
India,IN
India,IN
Philippines,PH
China,CN
Brazil,BR
"Korea, South",KR
Mexico,MX
China,CN
China,CN
Egypt,EG
United States,US
India,IN
Russia,RU
Thailand,TH
Argentina,AR
China,CN
Bangladesh,BD
Nigeria,NG
Turkey,TR
Japan,JP
Pakistan,PK
India,IN
Iran,IR
Congo (Kinshasa),CD
Vietnam,VN
United States,US
Brazil,BR
China,CN
India,IN
China,CN
Pakistan,PK
France,FR
United Kingdom,GB
China,CN
China,CN
China,CN
China,CN
China,CN
Peru,PE
India,IN
Colombia,CO
China,CN
Japan,JP
China,CN
China,CN
China,CN
China,CN
United States,US
China,CN
Angola,AO
China,CN
Malaysia,MY
China,CN
China,CN
Vietnam,VN
India,IN
China,CN
China,CN
China,CN
China,CN
Nigeria,NG
China,CN
China,CN
India,IN
Hong Kong,HK
Sudan,SD
Chile,CL
China,CN
China,CN
Saudi Arabia,SA
China,CN
Tanzania,TZ
China,CN
China,CN
China,CN
China,CN
China,CN
China,CN
China,CN
China,CN
China,CN
United States,US
China,CN
India,IN
Iraq,IQ
China,CN
Singapore,SG
United States,US
China,CN
China,CN
China,CN
United States,US
China,CN
Kenya,KE
China,CN
Turkey,TR
China,CN
